<?xml version="1.0" encoding="UTF-8" standalone="no"?>
<document type="com.apple.InterfaceBuilder3.CocoaTouch.XIB" version="3.0" toolsVersion="13142" targetRuntime="iOS.CocoaTouch" propertyAccessControl="none" useAutolayout="YES" useTraitCollections="YES" useSafeAreas="YES" colorMatched="YES">
    <dependencies>
        <plugIn identifier="com.apple.InterfaceBuilder.IBCocoaTouchPlugin" version="12042"/>
    </dependencies>
    <objects>
        <placeholder placeholderIdentifier="IBFilesOwner" id="-1" userLabel="File's Owner"/>
        <placeholder placeholderIdentifier="IBFirstResponder" id="-2" customClass="UIResponder"/>
    </objects>
</document>

<channel>
    
    <item>
        <type>Breakfast</type>
        <list>American Breakfast</list>
        <list>English Breakfast</list>
        <list>Continental Breakfast</list>
    </item>
    
    <item>
        <type>Pasta</type>
        <list>Aglio Olio</list>
        <list>Tomato Spagetti</list>
        <list>Homemade Marinara</list>
    </item>
    
    <item>
        <type>Rice</type>
        <list>Mushroom Risotto</list>
        <list>Chicken Fried Rice</list>
        <list>Pineapple Fried Rice</list>
    </item>
    
    <item>
        <type>Soup</type>
        <list>Italian Meatball Soup</list>
        <list>Vegetable Curry Soup</list>
        <list>Mushroom Soup</list>
    </item>
    
    <item>
        <type>Dessert</type>
        <list>Lemon Meringue Cheesecake</list>
        <list>New York Cheesecake</list>
        <list>Mille Feuille</list>
    </item>
    
</channel>
